1001,Automatic Control : The Power of Using MATLAB,"Diaferis, THeodore",Electronics Communication,2009
1002,Automatic Control : The Power of Using MATLAB,"Diaferis, THeodore",Electronics Communication,2009
1003,Automatic Control : The Power of Using MATLAB,"Diaferis, THeodore",Electronics Communication,2009
1004,Automatic Control : The Power of Using MATLAB,"Diaferis, THeodore",Electronics Communication,2009
1005,Mechatronics System Design,"Shetty, Devdas",Electronics Communication,2009
1006,Mechatronics System Design,"Shetty, Devdas",Electronics Communication,2009
1007,Mechatronics System Design,"Shetty, Devdas",Electronics Communication,2009
1008,Mechatronics System Design,"Shetty, Devdas",Electronics Communication,2009
1009,Circuits and Networks,"Meade, Russell",Electronics Communication,2008
1010,Circuits and Networks,"Meade, Russell",Electronics Communication,2008
1011,Circuits and Networks,"Meade, Russell",Electronics Communication,2008
1012,Circuits and Networks,"Meade, Russell",Electronics Communication,2008
1013,Robot Technology Fundamental,"Keramas, James G.",Mechanical Engineering,2009
1014,Robot Technology Fundamental,"Keramas, James G.",Mechanical Engineering,2009
1015,Robot Technology Fundamental,"Keramas, James G.",Mechanical Engineering,2009
1016,Robot Technology Fundamental,"Keramas, James G.",Mechanical Engineering,2009
1017,Fundamentals of Logic Design,"Roth, Charles H.",Electronics Communication,2009
1018,Fundamentals of Logic Design,"Roth, Charles H.",Electronics Communication,2009
1019,Fundamentals of Logic Design,"Roth, Charles H.",Electronics Communication,2009
1020,Fundamentals of Logic Design,"Roth, Charles H.",Electronics Communication,2009
1021,Discrete Mathematical Structures,"Ferland, Kevin",Computer Science,2009
1022,Discrete Mathematical Structures,"Ferland, Kevin",Computer Science,2009
1023,Discrete Mathematical Structures,"Ferland, Kevin",Computer Science,2009
1024,Discrete Mathematical Structures,"Ferland, Kevin",Computer Science,2009
1025,Digital Design,"Dueck, Robert K.",Electronics Communication,2009
1026,Digital Design,"Dueck, Robert K.",Electronics Communication,2009
1027,Digital Design,"Dueck, Robert K.",Electronics Communication,2009
1028,Digital Design,"Dueck, Robert K.",Electronics Communication,2009
1029,System Dynamics,"Kelly, S. Graham",Mechanical Engineering,2009
1030,System Dynamics,"Kelly, S. Graham",Mechanical Engineering,2009
1031,System Dynamics,"Kelly, S. Graham",Mechanical Engineering,2009
1032,System Dynamics,"Kelly, S. Graham",Mechanical Engineering,2009
1033,Ecology,"Russell, Peter J.",Applied Science & Humanities,2009
1034,Ecology,"Russell, Peter J.",Applied Science & Humanities,2009
1035,Ecology,"Russell, Peter J.",Applied Science & Humanities,2009
1036,Ecology,"Russell, Peter J.",Applied Science & Humanities,2009
1037,Linear Algebra and Its Application,"Strag, Gilbert",Applied Science & Humanities,2009
1038,Linear Algebra and Its Application,"Strag, Gilbert",Applied Science & Humanities,2009
1039,Linear Algebra and Its Application,"Strag, Gilbert",Applied Science & Humanities,2009
1040,Linear Algebra and Its Application,"Strag, Gilbert",Applied Science & Humanities,2009
1041,Service Operations Management,"Malters, Richard",Management,2008
1042,Service Operations Management,"Malters, Richard",Management,2008
1043,Service Operations Management,"Malters, Richard",Management,2008
1044,Service Operations Management,"Malters, Richard",Management,2008
1045,Dictionary,Heinle's,Applied Science & Humanities,2008
1046,Dictionary,Heinle's,Applied Science & Humanities,2008
1047,Dictionary,Heinle's,Applied Science & Humanities,2008
1048,Dictionary,Heinle's,Applied Science & Humanities,2008
1049,Management,"Griffin, Ricky W.",Management,2009
1050,Management,"Griffin, Ricky W.",Management,2009
1051,Management,"Griffin, Ricky W.",Management,2009
1052,Management,"Griffin, Ricky W.",Management,2009
1053,Finite Element Methods for Engineers,"Dixit, U. S.",Mechanical Engineering,2009
1054,Finite Element Methods for Engineers,"Dixit, U. S.",Mechanical Engineering,2009
1055,Finite Element Methods for Engineers,"Dixit, U. S.",Mechanical Engineering,2009
1056,Finite Element Methods for Engineers,"Dixit, U. S.",Mechanical Engineering,2009
1057,Virtual PC 2007 and Virtual Server 2005,"Corswell, Ron",Computer Science,2009
1058,Virtual PC 2007 and Virtual Server 2005,"Corswell, Ron",Computer Science,2009
1059,Virtual PC 2007 and Virtual Server 2005,"Corswell, Ron",Computer Science,2009
1060,Virtual PC 2007 and Virtual Server 2005,"Corswell, Ron",Computer Science,2009
1061,Embedded C Programming and The Microchip PIC,"Barnett, Richard",Computer Science,2009
1062,Embedded C Programming and The Microchip PIC,"Barnett, Richard",Computer Science,2009
1063,Embedded C Programming and The Microchip PIC,"Barnett, Richard",Computer Science,2009
1064,Embedded C Programming and The Microchip PIC,"Barnett, Richard",Computer Science,2009
1065,Finite Element Method,"Logan, Daryl L.",Mechanical Engineering,2009
1066,Finite Element Method,"Logan, Daryl L.",Mechanical Engineering,2009
1067,Finite Element Method,"Logan, Daryl L.",Mechanical Engineering,2009
1068,Finite Element Method,"Logan, Daryl L.",Mechanical Engineering,2009
1069,Unix and Shell Programming,"Forozan, Behrouz A.",Computer Science,2009
1070,Unix and Shell Programming,"Forozan, Behrouz A.",Computer Science,2009
1071,Unix and Shell Programming,"Forozan, Behrouz A.",Computer Science,2009
1072,Unix and Shell Programming,"Forozan, Behrouz A.",Computer Science,2009
1073,Production and Operation Management,"Starr, Martin K.",Management,2009
1074,Production and Operation Management,"Starr, Martin K.",Management,2009
1075,Production and Operation Management,"Starr, Martin K.",Management,2009
1076,Production and Operation Management,"Starr, Martin K.",Management,2009
1077,Computer Science,"Forouzan, Behrouz A.",Computer Science,2008
1078,Computer Science,"Forouzan, Behrouz A.",Computer Science,2008
1079,Computer Science,"Forouzan, Behrouz A.",Computer Science,2008
1080,Computer Science,"Forouzan, Behrouz A.",Computer Science,2008
1081,Statistics for Management,"Keller, Gerald",Applied Science & Humanities,2009
1082,Statistics for Management,"Keller, Gerald",Applied Science & Humanities,2009
1083,Statistics for Management,"Keller, Gerald",Applied Science & Humanities,2009
1084,Statistics for Management,"Keller, Gerald",Applied Science & Humanities,2009
1085,Visual C Programming,"Allert, James",Computer Science,2009
1086,Visual C Programming,"Allert, James",Computer Science,2009
1087,Visual C Programming,"Allert, James",Computer Science,2009
1088,Visual C Programming,"Allert, James",Computer Science,2009
1089,Digital Logic,"Yarbraugh, John M.",Electronics Communication,2008
1090,Digital Logic,"Yarbraugh, John M.",Electronics Communication,2008
1091,Digital Logic,"Yarbraugh, John M.",Electronics Communication,2008
1092,Digital Logic,"Yarbraugh, John M.",Electronics Communication,2008
1093,Machine Tool and Manufacturing Tool,"Kras, Steve F.",Mechanical Engineering,2008
1094,Machine Tool and Manufacturing Tool,"Kras, Steve F.",Mechanical Engineering,2008
1095,Machine Tool and Manufacturing Tool,"Kras, Steve F.",Mechanical Engineering,2008
1096,Machine Tool and Manufacturing Tool,"Kras, Steve F.",Mechanical Engineering,2008
1097,Digital Image Processing and Computer Vision,"Sonka, Milan",Computer Science,2009
1098,Digital Image Processing and Computer Vision,"Sonka, Milan",Computer Science,2009
1099,Digital Image Processing and Computer Vision,"Sonka, Milan",Computer Science,2009
1100,Digital Image Processing and Computer Vision,"Sonka, Milan",Computer Science,2009
1101,Embedded Systems and Robots,"Ghoshal, Subrata",Computer Science,2009
1102,Embedded Systems and Robots,"Ghoshal, Subrata",Computer Science,2009
1103,Embedded Systems and Robots,"Ghoshal, Subrata",Computer Science,2009
1104,Embedded Systems and Robots,"Ghoshal, Subrata",Computer Science,2009
1105,Modern Physics,"Serway, Raymond",Applied Science & Humanities,2009
1106,Modern Physics,"Serway, Raymond",Applied Science & Humanities,2009
1107,Modern Physics,"Serway, Raymond",Applied Science & Humanities,2009
1108,Modern Physics,"Serway, Raymond",Applied Science & Humanities,2009
1109,Modern Physics,"Thornton, Stephen T.",Applied Science & Humanities,2008
1110,Modern Physics,"Thornton, Stephen T.",Applied Science & Humanities,2008
1111,Modern Physics,"Thornton, Stephen T.",Applied Science & Humanities,2008
1112,Modern Physics,"Thornton, Stephen T.",Applied Science & Humanities,2008
1113,Java Script,"Gasselin, Don",Computer Science,2009
1114,Java Script,"Gasselin, Don",Computer Science,2009
1115,Java Script,"Gasselin, Don",Computer Science,2009
1116,Java Script,"Gasselin, Don",Computer Science,2009
1117,Data Structures and Algorithms in C,"Drozdek, Adam",Computer Science,2009
1118,Data Structures and Algorithms in C,"Drozdek, Adam",Computer Science,2009
1119,Data Structures and Algorithms in C,"Drozdek, Adam",Computer Science,2009
1120,Data Structures and Algorithms in C,"Drozdek, Adam",Computer Science,2009
1121,Embedded C Programming and The ATMEL AVR,"Barnett, Richard",Computer Science,2009
1122,Embedded C Programming and The ATMEL AVR,"Barnett, Richard",Computer Science,2009
1123,Embedded C Programming and The ATMEL AVR,"Barnett, Richard",Computer Science,2009
1124,Embedded C Programming and The ATMEL AVR,"Barnett, Richard",Computer Science,2009
1125,Servers and Server,"Graves, Michael",Computer Science,2008
1126,Servers and Server,"Graves, Michael",Computer Science,2008
1127,Servers and Server,"Graves, Michael",Computer Science,2008
1128,Servers and Server,"Graves, Michael",Computer Science,2008
1129,Digital Logic Design,"Lee, Sunggu",Electronics Communication,2009
1130,Digital Logic Design,"Lee, Sunggu",Electronics Communication,2009
1131,Digital Logic Design,"Lee, Sunggu",Electronics Communication,2009
1132,Digital Logic Design,"Lee, Sunggu",Electronics Communication,2009
1133,Thermodynamics,"Sasikumar, P.",Mechanical Engineering,2005
1134,Thermodynamics,"Sasikumar, P.",Mechanical Engineering,2005
1135,Thermodynamics,"Sasikumar, P.",Mechanical Engineering,2005
1136,Thermodynamics,"Sasikumar, P.",Mechanical Engineering,2005
1137,Foundry Technology,"Jain, P. L.",Mechanical Engineering,2008
1138,Foundry Technology,"Jain, P. L.",Mechanical Engineering,2008
1139,Foundry Technology,"Jain, P. L.",Mechanical Engineering,2008
1140,Foundry Technology,"Jain, P. L.",Mechanical Engineering,2008
1141,Managing For Value,"Iyer, S. S.",Management,2009
1142,Managing For Value,"Iyer, S. S.",Management,2009
1143,Managing For Value,"Iyer, S. S.",Management,2009
1144,Managing For Value,"Iyer, S. S.",Management,2009
1145,Turbo Machines,"Arasu, A. Valan",Mechanical Engineering,2008
1146,Turbo Machines,"Arasu, A. Valan",Mechanical Engineering,2008
1147,Turbo Machines,"Arasu, A. Valan",Mechanical Engineering,2008
1148,Turbo Machines,"Arasu, A. Valan",Mechanical Engineering,2008
1149,Digital Fundamentals,"Floyd, Thomas L.",Electronics Communication,2009
1150,Digital Fundamentals,"Floyd, Thomas L.",Electronics Communication,2009
1151,Digital Fundamentals,"Floyd, Thomas L.",Electronics Communication,2009
1152,Digital Fundamentals,"Floyd, Thomas L.",Electronics Communication,2009
1153,Design and Analysis of Experiment,"Das, M. N.",Computer Science,2008
1154,Design and Analysis of Experiment,"Das, M. N.",Computer Science,2008
1155,Design and Analysis of Experiment,"Das, M. N.",Computer Science,2008
1156,Design and Analysis of Experiment,"Das, M. N.",Computer Science,2008
1157,Non Conventional Energy,"Jhirad, Davis",Mechanical Engineering,2006
1158,Non Conventional Energy,"Jhirad, Davis",Mechanical Engineering,2006
1159,Non Conventional Energy,"Jhirad, Davis",Mechanical Engineering,2006
1160,Non Conventional Energy,"Jhirad, Davis",Mechanical Engineering,2006
1161,Thysistorised Power Controllers,"Dubey, G. K.",Electronics Communication,2008
1162,Thysistorised Power Controllers,"Dubey, G. K.",Electronics Communication,2008
1163,Thysistorised Power Controllers,"Dubey, G. K.",Electronics Communication,2008
1164,Thysistorised Power Controllers,"Dubey, G. K.",Electronics Communication,2008
1165,Digital Signal Processing,"Chitode, J. S.",Electronics Communication,2009
1166,Digital Signal Processing,"Chitode, J. S.",Electronics Communication,2009
1167,Digital Signal Processing,"Chitode, J. S.",Electronics Communication,2009
1168,Digital Signal Processing,"Chitode, J. S.",Electronics Communication,2009
1169,Antenna Theory and Practice,"Chatterjee, Rajeswari",Electronics Communication,2008
1170,Antenna Theory and Practice,"Chatterjee, Rajeswari",Electronics Communication,2008
1171,Antenna Theory and Practice,"Chatterjee, Rajeswari",Electronics Communication,2008
1172,Antenna Theory and Practice,"Chatterjee, Rajeswari",Electronics Communication,2008
1173,Heat and Mass Transfer,"Nag, P. K.",Mechanical Engineering,2008
1174,Heat and Mass Transfer,"Nag, P. K.",Mechanical Engineering,2008
1175,Heat and Mass Transfer,"Nag, P. K.",Mechanical Engineering,2008
1176,Heat and Mass Transfer,"Nag, P. K.",Mechanical Engineering,2008
1177,Numerical Methods and Application,"Cheney, Ward",Applied Science & Humanities,2009
1178,Numerical Methods and Application,"Cheney, Ward",Applied Science & Humanities,2009
1179,Numerical Methods and Application,"Cheney, Ward",Applied Science & Humanities,2009
1180,Numerical Methods and Application,"Cheney, Ward",Applied Science & Humanities,2009
1181,Electronics Engineering,"Kulshreshtha, D. C.",Electronics Communication,2007
1182,Electronics Engineering,"Kulshreshtha, D. C.",Electronics Communication,2007
1183,Electronics Engineering,"Kulshreshtha, D. C.",Electronics Communication,2007
1184,Electronics Engineering,"Kulshreshtha, D. C.",Electronics Communication,2007
1185,Medical Instruments,"Ananthi, S.",Electronics Communication,2006
1186,Medical Instruments,"Ananthi, S.",Electronics Communication,2006
1187,Medical Instruments,"Ananthi, S.",Electronics Communication,2006
1188,Medical Instruments,"Ananthi, S.",Electronics Communication,2006
1189,Basic Electronics,"Chattopadhyay, D.",Electronics Communication,2002
1190,Basic Electronics,"Chattopadhyay, D.",Electronics Communication,2002
1191,Basic Electronics,"Chattopadhyay, D.",Electronics Communication,2002
1192,Basic Electronics,"Chattopadhyay, D.",Electronics Communication,2002
1193,Essentials of Engineering Mechanics,"Rajasekran, S.",Mechanical Engineering,2006
1194,Essentials of Engineering Mechanics,"Rajasekran, S.",Mechanical Engineering,2006
1195,Essentials of Engineering Mechanics,"Rajasekran, S.",Mechanical Engineering,2006
1196,Essentials of Engineering Mechanics,"Rajasekran, S.",Mechanical Engineering,2006
1197,Engineering Mechanics,"Dubey, Arvind Kumar",Mechanical Engineering,2009
1198,Engineering Mechanics,"Dubey, Arvind Kumar",Mechanical Engineering,2009
1199,Engineering Mechanics,"Dubey, Arvind Kumar",Mechanical Engineering,2009
1200,Engineering Mechanics,"Dubey, Arvind Kumar",Mechanical Engineering,2009
1201,Improve Your Writing,"Arora, V. N.",Applied Science & Humanities,2008
1202,Improve Your Writing,"Arora, V. N.",Applied Science & Humanities,2008
1203,Improve Your Writing,"Arora, V. N.",Applied Science & Humanities,2008
1204,Improve Your Writing,"Arora, V. N.",Applied Science & Humanities,2008
1205,Engineering Mechanics,"Bhattacharya, Basudeb",Mechanical Engineering,2008
1206,Engineering Mechanics,"Bhattacharya, Basudeb",Mechanical Engineering,2008
1207,Engineering Mechanics,"Bhattacharya, Basudeb",Mechanical Engineering,2008
1208,Engineering Mechanics,"Bhattacharya, Basudeb",Mechanical Engineering,2008
1209,Neural Networks for Pattern Recognition,"Bishop, Christopher",Electronics Communication,2008
1210,Neural Networks for Pattern Recognition,"Bishop, Christopher",Electronics Communication,2008
1211,Neural Networks for Pattern Recognition,"Bishop, Christopher",Electronics Communication,2008
1212,Neural Networks for Pattern Recognition,"Bishop, Christopher",Electronics Communication,2008
1213,The Science and Engineering of Microelectronic Fab,"Campbell, A. Stephen",Electronics Communication,2008
1214,The Science and Engineering of Microelectronic Fab,"Campbell, A. Stephen",Electronics Communication,2008
1215,The Science and Engineering of Microelectronic Fab,"Campbell, A. Stephen",Electronics Communication,2008
1216,The Science and Engineering of Microelectronic Fab,"Campbell, A. Stephen",Electronics Communication,2008
1217,Power System Analysis,"Nagsarkar, T. K.",Electronics Communication,2008
1218,Power System Analysis,"Nagsarkar, T. K.",Electronics Communication,2008
1219,Power System Analysis,"Nagsarkar, T. K.",Electronics Communication,2008
1220,Power System Analysis,"Nagsarkar, T. K.",Electronics Communication,2008
1221,CAD / CAM Principles and Applications,"Rao, P. Nageswara",Mechanical Engineering,0
1222,CAD / CAM Principles and Applications,"Rao, P. Nageswara",Mechanical Engineering,0
1223,CAD / CAM Principles and Applications,"Rao, P. Nageswara",Mechanical Engineering,0
1224,CAD / CAM Principles and Applications,"Rao, P. Nageswara",Mechanical Engineering,0
1225,Fundamentals of Modeling and analyzing Engineering,"Cha, Philip D.",Electronics Communication,2008
1226,Fundamentals of Modeling and analyzing Engineering,"Cha, Philip D.",Electronics Communication,2008
1227,Fundamentals of Modeling and analyzing Engineering,"Cha, Philip D.",Electronics Communication,2008
1228,Fundamentals of Modeling and analyzing Engineering,"Cha, Philip D.",Electronics Communication,2008
1229,Electric Circuits,"Bell, David A.",Electronics Communication,2009
1230,Electric Circuits,"Bell, David A.",Electronics Communication,2009
1231,Electric Circuits,"Bell, David A.",Electronics Communication,2009
1232,Electric Circuits,"Bell, David A.",Electronics Communication,2009
1233,Discrete Mathematical Structures With Application,"Tremblay, J. P.",Computer Science,1997
1234,Discrete Mathematical Structures With Application,"Tremblay, J. P.",Computer Science,1997
1235,Discrete Mathematical Structures With Application,"Tremblay, J. P.",Computer Science,1997
1236,Discrete Mathematical Structures With Application,"Tremblay, J. P.",Computer Science,1997
1237,Discrete Mathematical Structures With Application,"Tremblay, J. P.",Computer Science,1997
1238,Discrete Mathematical Structures With Application,"Tremblay, J. P.",Computer Science,1997
1239,Discrete Mathematical Structures With Application,"Tremblay, J. P.",Computer Science,1997
1240,Discrete Mathematical Structures With Application,"Tremblay, J. P.",Computer Science,1997
1241,Strength of Materials,"Subramanin, R.",Mechanical Engineering,2005
1242,Strength of Materials,"Subramanin, R.",Mechanical Engineering,2005
1243,Strength of Materials,"Subramanin, R.",Mechanical Engineering,2005
1244,Strength of Materials,"Subramanin, R.",Mechanical Engineering,2005
1245,CMOS Analog Circuit Design,"Allen, Phillip E.",Electronics Communication,2008
1246,CMOS Analog Circuit Design,"Allen, Phillip E.",Electronics Communication,2008
1247,CMOS Analog Circuit Design,"Allen, Phillip E.",Electronics Communication,2008
1248,CMOS Analog Circuit Design,"Allen, Phillip E.",Electronics Communication,2008
1249,Inorganic Chemistry,"Atkins, Peter",Applied Science & Humanities,2002
1250,Inorganic Chemistry,"Atkins, Peter",Applied Science & Humanities,2002
1251,Inorganic Chemistry,"Atkins, Peter",Applied Science & Humanities,2002
1252,Inorganic Chemistry,"Atkins, Peter",Applied Science & Humanities,2002
1253,"Engineering M<echanics< td="""" style=""box-sizing: border-box;""></echanics<>","Shames, Irving H.",Mechanical Engineering,2009
1254,"Engineering M<echanics< td="""" style=""box-sizing: border-box;""></echanics<>","Shames, Irving H.",Mechanical Engineering,2009
1255,"Engineering M<echanics< td="""" style=""box-sizing: border-box;""></echanics<>","Shames, Irving H.",Mechanical Engineering,2009
1256,"Engineering M<echanics< td="""" style=""box-sizing: border-box;""></echanics<>","Shames, Irving H.",Mechanical Engineering,2009
1257,Embedded Systems,"Kamal, Raj",Computer Science,2009
1258,Embedded Systems,"Kamal, Raj",Computer Science,2009
1259,Embedded Systems,"Kamal, Raj",Computer Science,2009
1260,Embedded Systems,"Kamal, Raj",Computer Science,2009
1261,Information Technology,"Curtin, Dennis P.",Computer Science,2008
1262,Information Technology,"Curtin, Dennis P.",Computer Science,2008
1263,Information Technology,"Curtin, Dennis P.",Computer Science,2008
1264,Information Technology,"Curtin, Dennis P.",Computer Science,2008
1265,Laser Fundamentals,"Silfvast, William T.",Electronics Communication,2009
1266,Laser Fundamentals,"Silfvast, William T.",Electronics Communication,2009
1267,Laser Fundamentals,"Silfvast, William T.",Electronics Communication,2009
1268,Laser Fundamentals,"Silfvast, William T.",Electronics Communication,2009
1269,Electrical Machinery,"Bala, B. K.",Electronics Communication,2005
1270,Electrical Machinery,"Bala, B. K.",Electronics Communication,2005
1271,Electrical Machinery,"Bala, B. K.",Electronics Communication,2005
1272,Electrical Machinery,"Bala, B. K.",Electronics Communication,2005
1273,Technical Communication,"Raman, Meenakshi",Applied Science & Humanities,2008
1274,Technical Communication,"Raman, Meenakshi",Applied Science & Humanities,2008
1275,Technical Communication,"Raman, Meenakshi",Applied Science & Humanities,2008
1276,Technical Communication,"Raman, Meenakshi",Applied Science & Humanities,2008
1277,Outlines of Biochemistry,"Conn, Eric E.",Applied Science & Humanities,2007
1278,Outlines of Biochemistry,"Conn, Eric E.",Applied Science & Humanities,2007
1279,Outlines of Biochemistry,"Conn, Eric E.",Applied Science & Humanities,2007
1280,Outlines of Biochemistry,"Conn, Eric E.",Applied Science & Humanities,2007
1281,Communication System,"Lathi, B. P.",Electronics Communication,2007
1282,Communication System,"Lathi, B. P.",Electronics Communication,2007
1283,Communication System,"Lathi, B. P.",Electronics Communication,2007
1284,Communication System,"Lathi, B. P.",Electronics Communication,2007
1285,Introduction to Computational Fluid Dynamics,"Date, Anil W.",Mechanical Engineering,2005
1286,Introduction to Computational Fluid Dynamics,"Date, Anil W.",Mechanical Engineering,2005
1287,Introduction to Computational Fluid Dynamics,"Date, Anil W.",Mechanical Engineering,2005
1288,Introduction to Computational Fluid Dynamics,"Date, Anil W.",Mechanical Engineering,2005
1289,I.T. Tools and Applicationa,"Saxena, Sanjay",Computer Science,2008
1290,I.T. Tools and Applicationa,"Saxena, Sanjay",Computer Science,2008
1291,I.T. Tools and Applicationa,"Saxena, Sanjay",Computer Science,2008
1292,I.T. Tools and Applicationa,"Saxena, Sanjay",Computer Science,2008
1293,How to Solve It By Computer,"Dromey, R. G.",Computer Science,2009
1294,How to Solve It By Computer,"Dromey, R. G.",Computer Science,2009
1295,How to Solve It By Computer,"Dromey, R. G.",Computer Science,2009
1296,How to Solve It By Computer,"Dromey, R. G.",Computer Science,2009
1297,Numerical Methods,"Vedamurthy, V. N.",Computer Science,2009
1298,Numerical Methods,"Vedamurthy, V. N.",Computer Science,2009
1299,Numerical Methods,"Vedamurthy, V. N.",Computer Science,2009
1300,Numerical Methods,"Vedamurthy, V. N.",Computer Science,2009
1301,Discrete Mathematical Structures,"Kolman, Bernard",Default Category,2008
1302,Discrete Mathematical Structures,"Kolman, Bernard",Default Category,2008
1303,Discrete Mathematical Structures,"Kolman, Bernard",Default Category,2008
1304,Discrete Mathematical Structures,"Kolman, Bernard",Default Category,2008
1305,Computer Organization,I. S. R. D.,Computer Science,2009
1306,Computer Organization,I. S. R. D.,Computer Science,2009
1307,Computer Organization,I. S. R. D.,Computer Science,2009
1308,Computer Organization,I. S. R. D.,Computer Science,2009
1309,Electric Machines,"Kothari, D. P.",Electronics Communication,2008
1310,Electric Machines,"Kothari, D. P.",Electronics Communication,2008
1311,Electric Machines,"Kothari, D. P.",Electronics Communication,2008
1312,Electric Machines,"Kothari, D. P.",Electronics Communication,2008
1313,Differential Equations,"Simmons, George F.",Computer Science,5
1314,Differential Equations,"Simmons, George F.",Computer Science,5
1315,Differential Equations,"Simmons, George F.",Computer Science,5
1316,Differential Equations,"Simmons, George F.",Computer Science,5
1317,Advanced Organic Chemistry,"March, Jerry",Applied Science & Humanities,2009
1318,Advanced Organic Chemistry,"March, Jerry",Applied Science & Humanities,2009
1319,Advanced Organic Chemistry,"March, Jerry",Applied Science & Humanities,2009
1320,Advanced Organic Chemistry,"March, Jerry",Applied Science & Humanities,2009
1321,Operation and Modeling of The MOS Transistor,"Tsividis, Yannis",Electronics Communication,2008
1322,Operation and Modeling of The MOS Transistor,"Tsividis, Yannis",Electronics Communication,2008
1323,Operation and Modeling of The MOS Transistor,"Tsividis, Yannis",Electronics Communication,2008
1324,Operation and Modeling of The MOS Transistor,"Tsividis, Yannis",Electronics Communication,2008
1325,"Computer Careers, Placement Pre Guide","Ganesh, S. G.",Computer Science,2008
1326,"Computer Careers, Placement Pre Guide","Ganesh, S. G.",Computer Science,2008
1327,"Computer Careers, Placement Pre Guide","Ganesh, S. G.",Computer Science,2008
1328,"Computer Careers, Placement Pre Guide","Ganesh, S. G.",Computer Science,2008
1329,Basic Electrical Engineering,"Kothari, D. P.",Electronics Communication,2008
1330,Basic Electrical Engineering,"Kothari, D. P.",Electronics Communication,2008
1331,Basic Electrical Engineering,"Kothari, D. P.",Electronics Communication,2008
1332,Basic Electrical Engineering,"Kothari, D. P.",Electronics Communication,2008
1333,Software Hacking,"Fadia, Ankit",Computer Science,2009
1334,Software Hacking,"Fadia, Ankit",Computer Science,2009
1335,Software Hacking,"Fadia, Ankit",Computer Science,2009
1336,Software Hacking,"Fadia, Ankit",Computer Science,2009
1337,Internet and Web Technologies,"Kamal, Raj",Computer Science,2008
1338,Internet and Web Technologies,"Kamal, Raj",Computer Science,2008
1339,Internet and Web Technologies,"Kamal, Raj",Computer Science,2008
1340,Internet and Web Technologies,"Kamal, Raj",Computer Science,2008
1341,Computer Fundamental and Programs in C,"Dey, Pradip",Computer Science,2008
1342,Computer Fundamental and Programs in C,"Dey, Pradip",Computer Science,2008
1343,Computer Fundamental and Programs in C,"Dey, Pradip",Computer Science,2008
1344,Computer Fundamental and Programs in C,"Dey, Pradip",Computer Science,2008
1345,Bioinformatics : Principles and Applications,"Ghosh, Zhumur",Electronics Communication,2008
1346,Bioinformatics : Principles and Applications,"Ghosh, Zhumur",Electronics Communication,2008
1347,Bioinformatics : Principles and Applications,"Ghosh, Zhumur",Electronics Communication,2008
1348,Bioinformatics : Principles and Applications,"Ghosh, Zhumur",Electronics Communication,2008
1349,Fundamental of Physics,"Walker, Jearl",Managment,2008
1350,Fundamental of Physics,"Walker, Jearl",Managment,2008
1351,Fundamental of Physics,"Walker, Jearl",Managment,2008
1352,Fundamental of Physics,"Walker, Jearl",Managment,2008
1353,Digital Logic and State Machine Design,"Comer, David J.",Mechanical Engineering,2008
1354,Digital Logic and State Machine Design,"Comer, David J.",Mechanical Engineering,2008
1355,Digital Logic and State Machine Design,"Comer, David J.",Mechanical Engineering,2008
1356,Digital Logic and State Machine Design,"Comer, David J.",Mechanical Engineering,2008
1357,Computer System Architecture,"Mano, Morris M.",Computer Science,2009
1358,Computer System Architecture,"Mano, Morris M.",Computer Science,2009
1359,Computer System Architecture,"Mano, Morris M.",Computer Science,2009
1360,Computer System Architecture,"Mano, Morris M.",Computer Science,2009
1361,Shop Theory,"Anderson, James",Mechanical Engineering,2008
1362,Shop Theory,"Anderson, James",Mechanical Engineering,2008
1363,Shop Theory,"Anderson, James",Mechanical Engineering,2008
1364,Shop Theory,"Anderson, James",Mechanical Engineering,2008
1365,Principles of Semiconductor Devices,"Dimitrijev, Sima",Electronics Communication,2008
1366,Principles of Semiconductor Devices,"Dimitrijev, Sima",Electronics Communication,2008
1367,Principles of Semiconductor Devices,"Dimitrijev, Sima",Electronics Communication,2008
1368,Principles of Semiconductor Devices,"Dimitrijev, Sima",Electronics Communication,2008
1369,An Introduction to Quantum Computing,"Kaye, Phillip",Computer Science,2007
1370,An Introduction to Quantum Computing,"Kaye, Phillip",Computer Science,2007
1371,An Introduction to Quantum Computing,"Kaye, Phillip",Computer Science,2007
1372,An Introduction to Quantum Computing,"Kaye, Phillip",Computer Science,2007
1373,An Introduction to Numerical Method in C,"Flowers, B. H.",Computer Science,2008
1374,An Introduction to Numerical Method in C,"Flowers, B. H.",Computer Science,2008
1375,An Introduction to Numerical Method in C,"Flowers, B. H.",Computer Science,2008
1376,An Introduction to Numerical Method in C,"Flowers, B. H.",Computer Science,2008
1377,Microcontrollers and Microcomputers,"Cady, Fedrick M.",Computer Science,2008
1378,Microcontrollers and Microcomputers,"Cady, Fedrick M.",Computer Science,2008
1379,Microcontrollers and Microcomputers,"Cady, Fedrick M.",Computer Science,2008
1380,Microcontrollers and Microcomputers,"Cady, Fedrick M.",Computer Science,2008
1381,Data Structures Via C,"Berman, A. Michael",Computer Science,2008
1382,Data Structures Via C,"Berman, A. Michael",Computer Science,2008
1383,Data Structures Via C,"Berman, A. Michael",Computer Science,2008
1384,Data Structures Via C,"Berman, A. Michael",Computer Science,2008
1385,Higher Engineering Mathematics,"Ramana, B. V.",Applied Science & Humanities,2008
1386,Higher Engineering Mathematics,"Ramana, B. V.",Applied Science & Humanities,2008
1387,Higher Engineering Mathematics,"Ramana, B. V.",Applied Science & Humanities,2008
1388,Higher Engineering Mathematics,"Ramana, B. V.",Applied Science & Humanities,2008
1389,Higher Engineering Mathematics,"Ramana, B. V.",Applied Science & Humanities,2008
1390,Higher Engineering Mathematics,"Ramana, B. V.",Applied Science & Humanities,2008
1391,Higher Engineering Mathematics,"Ramana, B. V.",Applied Science & Humanities,2008
1392,Higher Engineering Mathematics,"Ramana, B. V.",Applied Science & Humanities,2008
1393,Structured Computer Organization,"Tanenbaum, Andrew S.",Computer Science,2008
1394,Structured Computer Organization,"Tanenbaum, Andrew S.",Computer Science,2008
1395,Structured Computer Organization,"Tanenbaum, Andrew S.",Computer Science,2008
1396,Structured Computer Organization,"Tanenbaum, Andrew S.",Computer Science,2008
1397,Fundamental of Electrical Engineering and Electron,"Sahdev, S. K.",Electronics Communication,2009
1398,Fundamental of Electrical Engineering and Electron,"Sahdev, S. K.",Electronics Communication,2009
1399,Fundamental of Electrical Engineering and Electron,"Sahdev, S. K.",Electronics Communication,2009
1400,Fundamental of Electrical Engineering and Electron,"Sahdev, S. K.",Electronics Communication,2009
1401,Java - 2 The Complete Reference,"Schildt, Herbert",Computer Science,2009
1402,Java - 2 The Complete Reference,"Schildt, Herbert",Computer Science,2009
1403,Java - 2 The Complete Reference,"Schildt, Herbert",Computer Science,2009
1404,Java - 2 The Complete Reference,"Schildt, Herbert",Computer Science,2009
1405,Simulation Modeling and Analysis,"Law, Averill",Electronics Communication,2008
1406,Simulation Modeling and Analysis,"Law, Averill",Electronics Communication,2008
1407,Simulation Modeling and Analysis,"Law, Averill",Electronics Communication,2008
1408,Simulation Modeling and Analysis,"Law, Averill",Electronics Communication,2008
1409,Elements of Workshop Technology,"Choudhury, S. K. Hajra",Mechanical Engineering,2008
1410,Elements of Workshop Technology,"Choudhury, S. K. Hajra",Mechanical Engineering,2008
1411,Elements of Workshop Technology,"Choudhury, S. K. Hajra",Mechanical Engineering,2008
1412,Elements of Workshop Technology,"Choudhury, S. K. Hajra",Mechanical Engineering,2008
1413,Elements of Workshop Technology,"Choudhury, S. K. Hajra",Mechanical Engineering,2008
1414,Elements of Workshop Technology,"Choudhury, S. K. Hajra",Mechanical Engineering,2008
1415,Elements of Workshop Technology,"Choudhury, S. K. Hajra",Mechanical Engineering,2008
1416,Elements of Workshop Technology,"Choudhury, S. K. Hajra",Mechanical Engineering,2008
1417,Introduction to Database Management Systems,ISRD,Computer Science,2008
1418,Introduction to Database Management Systems,ISRD,Computer Science,2008
1419,Introduction to Database Management Systems,ISRD,Computer Science,2008
1420,Introduction to Database Management Systems,ISRD,Computer Science,2008
1421,Engineering Thermodynamics,"Nag, P. K.",Mechanical Engineering,2008
1422,Engineering Thermodynamics,"Nag, P. K.",Mechanical Engineering,2008
1423,Engineering Thermodynamics,"Nag, P. K.",Mechanical Engineering,2008
1424,Engineering Thermodynamics,"Nag, P. K.",Mechanical Engineering,2008
1425,Neural Networks,"Kumar, Satish",Electronics Communication,2008
1426,Neural Networks,"Kumar, Satish",Electronics Communication,2008
1427,Neural Networks,"Kumar, Satish",Electronics Communication,2008
1428,Neural Networks,"Kumar, Satish",Electronics Communication,2008
1429,PC Software for Windows 98 Made Simple,"Taxali, R. K.",Computer Science,2001
1430,PC Software for Windows 98 Made Simple,"Taxali, R. K.",Computer Science,2001
1431,PC Software for Windows 98 Made Simple,"Taxali, R. K.",Computer Science,2001
1432,PC Software for Windows 98 Made Simple,"Taxali, R. K.",Computer Science,2001
1433,Software Engineering A Primer,"Jawadekar, Waman S.",Computer Science,2008
1434,Software Engineering A Primer,"Jawadekar, Waman S.",Computer Science,2008
1435,Software Engineering A Primer,"Jawadekar, Waman S.",Computer Science,2008
1436,Software Engineering A Primer,"Jawadekar, Waman S.",Computer Science,2008
1437,Software Engineering Principles and Practice,"Jawadekar, Waman S.",Computer Science,2008
1438,Software Engineering Principles and Practice,"Jawadekar, Waman S.",Computer Science,2008
1439,Software Engineering Principles and Practice,"Jawadekar, Waman S.",Computer Science,2008
1440,Software Engineering Principles and Practice,"Jawadekar, Waman S.",Computer Science,2008
1441,Computer Networks,"Tanenbaum, Andrew S.",Computer Science,2009
1442,Computer Networks,"Tanenbaum, Andrew S.",Computer Science,2009
1443,Computer Networks,"Tanenbaum, Andrew S.",Computer Science,2009
1444,Computer Networks,"Tanenbaum, Andrew S.",Computer Science,2009
1445,Programming With C and Data Structures,"Litvin, Maria",Computer Science,2009
1446,Programming With C and Data Structures,"Litvin, Maria",Computer Science,2009
1447,Programming With C and Data Structures,"Litvin, Maria",Computer Science,2009
1448,Programming With C and Data Structures,"Litvin, Maria",Computer Science,2009
1449,Advanced Engineering Mathematics,"Greenberg, Michael D.",Applied Science & Humanities,2008
1450,Advanced Engineering Mathematics,"Greenberg, Michael D.",Applied Science & Humanities,2008
1451,Concept in Data Structures and Software Devlopment,"Schneider, G. Michael",Computer Science,2002
1452,Concept in Data Structures and Software Devlopment,"Schneider, G. Michael",Computer Science,2002
1453,Concept in Data Structures and Software Devlopment,"Schneider, G. Michael",Computer Science,2002
1454,Concept in Data Structures and Software Devlopment,"Schneider, G. Michael",Computer Science,2002
1455,Computer Architecture,"Carter, Nicholas",Computer Science,2008
1456,Computer Architecture,"Carter, Nicholas",Computer Science,2008
1457,Computer Architecture,"Carter, Nicholas",Computer Science,2008
1458,Computer Architecture,"Carter, Nicholas",Computer Science,2008
1459,Principles of Environmental Science,"Chunningham, William P.",Applied Science & Humanities,2007
1460,Principles of Environmental Science,"Chunningham, William P.",Applied Science & Humanities,2007
1461,Principles of Environmental Science,"Chunningham, William P.",Applied Science & Humanities,2007
1462,Principles of Environmental Science,"Chunningham, William P.",Applied Science & Humanities,2007
1463,The Internet Book,"Comer, Douglas E.",Computer Science,2009
1464,The Internet Book,"Comer, Douglas E.",Computer Science,2009
1465,The Internet Book,"Comer, Douglas E.",Computer Science,2009
1466,The Internet Book,"Comer, Douglas E.",Computer Science,2009
1467,Internet for Every One,"Leon, Alexis",Computer Science,0
1468,Internet for Every One,"Leon, Alexis",Computer Science,0
1469,Internet for Every One,"Leon, Alexis",Computer Science,0
1470,Internet for Every One,"Leon, Alexis",Computer Science,0
1471,Engineering Electromagnetics,"Hayt, William H.",Electronics Communication,2008
1472,Engineering Electromagnetics,"Hayt, William H.",Electronics Communication,2008
1473,Engineering Electromagnetics,"Hayt, William H.",Electronics Communication,2008
1474,Engineering Electromagnetics,"Hayt, William H.",Electronics Communication,2008
1475,Engineering Electromagnetics,"Hayt, William H.",Electronics Communication,2008
1476,Engineering Electromagnetics,"Hayt, William H.",Electronics Communication,2008
1477,Essentials of D. B. M. S.,"Leon, Alexisand Mathews",Computer Science,0
1478,Essentials of D. B. M. S.,"Leon, Alexisand Mathews",Computer Science,0
1479,Essentials of D. B. M. S.,"Leon, Alexisand Mathews",Computer Science,0
1480,Essentials of D. B. M. S.,"Leon, Alexisand Mathews",Computer Science,0
1481,Management Information Systems,"Brian O' , James",Computer Science,2009
1482,Management Information Systems,"Brian O' , James",Computer Science,2009
1483,Management Information Systems,"Brian O' , James",Computer Science,2009
1484,Management Information Systems,"Brian O' , James",Computer Science,2009
1485,A Text Book on Strength of Materials,"Jindal, U. C.",Mechanical Engineering,2007
1486,A Text Book on Strength of Materials,"Jindal, U. C.",Mechanical Engineering,2007
1487,A Text Book on Strength of Materials,"Jindal, U. C.",Mechanical Engineering,2007
1488,A Text Book on Strength of Materials,"Jindal, U. C.",Mechanical Engineering,2007
1489,Data Structure with C,"Hubbard, John R.",Computer Science,2008
1490,Data Structure with C,"Hubbard, John R.",Computer Science,2008
1491,Data Structure with C,"Hubbard, John R.",Computer Science,2008
1492,Data Structure with C,"Hubbard, John R.",Computer Science,2008
1493,"Hubbard, John R..",Programming With Java,Computer Science,2008
1494,"Hubbard, John R..",Programming With Java,Computer Science,2008
1495,"Hubbard, John R..",Programming With Java,Computer Science,2008
1496,"Hubbard, John R..",Programming With Java,Computer Science,2008
1497,Software Engineering,"Gustafson, David",Computer Science,2009
1498,Software Engineering,"Gustafson, David",Computer Science,2009
1499,Software Engineering,"Gustafson, David",Computer Science,2009
1500,Software Engineering,"Gustafson, David",Computer Science,2009
1501,Power System Optimization,"Kothari, D. P.",Electronics Communication,2009
1502,Power System Optimization,"Kothari, D. P.",Electronics Communication,2009
1503,Power System Optimization,"Kothari, D. P.",Electronics Communication,2009
1504,Power System Optimization,"Kothari, D. P.",Electronics Communication,2009
1505,Electric Machinery and Transformers,"Guru, Bhag S.",Electronics Communication,2009
1506,Electric Machinery and Transformers,"Guru, Bhag S.",Electronics Communication,2009
1507,Electric Machinery and Transformers,"Guru, Bhag S.",Electronics Communication,2009
1508,Electric Machinery and Transformers,"Guru, Bhag S.",Electronics Communication,2009
1509,Modern Operating Systems,"Tanenbaum, Andrews S.",Computer Science,2009
1510,Modern Operating Systems,"Tanenbaum, Andrews S.",Computer Science,2009
1511,Modern Operating Systems,"Tanenbaum, Andrews S.",Computer Science,2009
1512,Modern Operating Systems,"Tanenbaum, Andrews S.",Computer Science,2009
1513,Textbook of Practical Organic Chemistry,"Furniss, Brain S.",Applied Science & Humanities,2008
1514,Textbook of Practical Organic Chemistry,"Furniss, Brain S.",Applied Science & Humanities,2008
1515,Textbook of Practical Organic Chemistry,"Furniss, Brain S.",Applied Science & Humanities,2008
1516,Textbook of Practical Organic Chemistry,"Furniss, Brain S.",Applied Science & Humanities,2008
1517,IBM Mainframe Handbook,"Leon, Alexis",Computer Science,0
1518,IBM Mainframe Handbook,"Leon, Alexis",Computer Science,0
1519,IBM Mainframe Handbook,"Leon, Alexis",Computer Science,0
1520,IBM Mainframe Handbook,"Leon, Alexis",Computer Science,0
1521,Introduction to Solid State Physics,"Kittel, Charles",Applied Science & Humanities,2008
1522,Introduction to Solid State Physics,"Kittel, Charles",Applied Science & Humanities,2008
1523,Introduction to Solid State Physics,"Kittel, Charles",Applied Science & Humanities,2008
1524,Introduction to Solid State Physics,"Kittel, Charles",Applied Science & Humanities,2008
1525,Environment and Ecology,"Rajgopalan, R.",Applied Science & Humanities,2009
1526,Environment and Ecology,"Rajgopalan, R.",Applied Science & Humanities,2009
1527,Environment and Ecology,"Rajgopalan, R.",Applied Science & Humanities,2009
1528,Environment and Ecology,"Rajgopalan, R.",Applied Science & Humanities,2009
1529,Effective Technical Communication,"Mitra, Barun K.",Applied Science & Humanities,2008
1530,Effective Technical Communication,"Mitra, Barun K.",Applied Science & Humanities,2008
1531,Effective Technical Communication,"Mitra, Barun K.",Applied Science & Humanities,2008
1532,Effective Technical Communication,"Mitra, Barun K.",Applied Science & Humanities,2008
1533,VLSI Technology and Design,"Pandey, Sunita",Electronics Communication,2009
1534,VLSI Technology and Design,"Pandey, Sunita",Electronics Communication,2009
1535,VLSI Technology and Design,"Pandey, Sunita",Electronics Communication,2009
1536,VLSI Technology and Design,"Pandey, Sunita",Electronics Communication,2009
1537,Electronic Devices and Circuits,"Bell, David A.",Electronics Communication,2008
1538,Electronic Devices and Circuits,"Bell, David A.",Electronics Communication,2008
1539,Electronic Devices and Circuits,"Bell, David A.",Electronics Communication,2008
1540,Electronic Devices and Circuits,"Bell, David A.",Electronics Communication,2008
1541,Basic Inorganic Chemistry,"Cotton, Albert F.",Applied Science & Humanities,2008
1542,Basic Inorganic Chemistry,"Cotton, Albert F.",Applied Science & Humanities,2008
1543,Basic Inorganic Chemistry,"Cotton, Albert F.",Applied Science & Humanities,2008
1544,Basic Inorganic Chemistry,"Cotton, Albert F.",Applied Science & Humanities,2008
1545,Electrical Machine Design,"Sawhney, A. K.",Electronics Communication,2009
1546,Electrical Machine Design,"Sawhney, A. K.",Electronics Communication,2009
1547,Electrical Machine Design,"Sawhney, A. K.",Electronics Communication,2009
1548,Electrical Machine Design,"Sawhney, A. K.",Electronics Communication,2009
1549,Digital Signal Processing,"Oppenheim, Alan V.",Electronics Communication,2008
1550,Digital Signal Processing,"Oppenheim, Alan V.",Electronics Communication,2008
1551,Digital Signal Processing,"Oppenheim, Alan V.",Electronics Communication,2008
1552,Digital Signal Processing,"Oppenheim, Alan V.",Electronics Communication,2008
1553,C # . Net Illuminated,"Gittleman, Art",Computer Science,2008
1554,C # . Net Illuminated,"Gittleman, Art",Computer Science,2008
1555,C # . Net Illuminated,"Gittleman, Art",Computer Science,2008
1556,C # . Net Illuminated,"Gittleman, Art",Computer Science,2008
1557,Introduction to Digital Signal Processing,"Johnson, Johnny R.",Electronics Communication,2008
1558,Introduction to Digital Signal Processing,"Johnson, Johnny R.",Electronics Communication,2008
1559,Introduction to Digital Signal Processing,"Johnson, Johnny R.",Electronics Communication,2008
1560,Introduction to Digital Signal Processing,"Johnson, Johnny R.",Electronics Communication,2008
1561,Fundamental of Engineering Chemistry,"Singh, S. K.",Applied Science & Humanities,2009
1562,Fundamental of Engineering Chemistry,"Singh, S. K.",Applied Science & Humanities,2009
1563,Fundamental of Engineering Chemistry,"Singh, S. K.",Applied Science & Humanities,2009
1564,Fundamental of Engineering Chemistry,"Singh, S. K.",Applied Science & Humanities,2009
1565,Writing Fast Programs,"Riley, John",Computer Science,2008
1566,Writing Fast Programs,"Riley, John",Computer Science,2008
1567,Writing Fast Programs,"Riley, John",Computer Science,2008
1568,Writing Fast Programs,"Riley, John",Computer Science,2008
1569,Operation and Control in Power System,"Murthy, P. S. R.",Electronics Communication,2008
1570,Operation and Control in Power System,"Murthy, P. S. R.",Electronics Communication,2008
1571,Operation and Control in Power System,"Murthy, P. S. R.",Electronics Communication,2008
1572,Operation and Control in Power System,"Murthy, P. S. R.",Electronics Communication,2008
1573,Data Structures and Algorithms Using C #,"McMilla, Michael",Computer Science,2008
1574,Data Structures and Algorithms Using C #,"McMilla, Michael",Computer Science,2008
1575,Data Structures and Algorithms Using C #,"McMilla, Michael",Computer Science,2008
1576,Data Structures and Algorithms Using C #,"McMilla, Michael",Computer Science,2008
1577,Fundamentals of D. B. M. S.,"Leon, Alexis",Computer Science,2008
1578,Fundamentals of D. B. M. S.,"Leon, Alexis",Computer Science,2008
1579,Fundamentals of D. B. M. S.,"Leon, Alexis",Computer Science,2008
1580,Fundamentals of D. B. M. S.,"Leon, Alexis",Computer Science,2008
1581,Bioprocess Engineering Principles,"Doran, Pauline M.",Default Category,2009
1582,Bioprocess Engineering Principles,"Doran, Pauline M.",Default Category,2009
1583,Bioprocess Engineering Principles,"Doran, Pauline M.",Default Category,2009
1584,Bioprocess Engineering Principles,"Doran, Pauline M.",Default Category,2009
1585,Unix Network Programming,"Stevens, Richard W.",Computer Science,2008
1586,Unix Network Programming,"Stevens, Richard W.",Computer Science,2008
1587,Unix Network Programming,"Stevens, Richard W.",Computer Science,2008
1588,Unix Network Programming,"Stevens, Richard W.",Computer Science,2008
1589,Computer Graphics,"Xiang, Zhigang",Computer Science,2006
1590,Computer Graphics,"Xiang, Zhigang",Computer Science,2006
1591,Computer Graphics,"Xiang, Zhigang",Computer Science,2006
1592,Computer Graphics,"Xiang, Zhigang",Computer Science,2006
1593,Power Electronic Systems,"Agarwal, Jai P.",Electronics Communication,2009
1594,Power Electronic Systems,"Agarwal, Jai P.",Electronics Communication,2009
1595,Power Electronic Systems,"Agarwal, Jai P.",Electronics Communication,2009
1596,Power Electronic Systems,"Agarwal, Jai P.",Electronics Communication,2009
1597,Solid State Electronic Devices,"Bhattacharya, D. K.",Electronics Communication,2008
1598,Solid State Electronic Devices,"Bhattacharya, D. K.",Electronics Communication,2008
1599,Solid State Electronic Devices,"Bhattacharya, D. K.",Electronics Communication,2008
1600,Solid State Electronic Devices,"Bhattacharya, D. K.",Electronics Communication,2008
1601,Electronic Fundamentals and Applications,"Ryder, John D.",Electronics Communication,2009
1602,Electronic Fundamentals and Applications,"Ryder, John D.",Electronics Communication,2009
1603,Electronic Fundamentals and Applications,"Ryder, John D.",Electronics Communication,2009
1604,Electronic Fundamentals and Applications,"Ryder, John D.",Electronics Communication,2009
1605,Crafting and Executive Strategy,"Thomson, Arthur",Management,2008
1606,Crafting and Executive Strategy,"Thomson, Arthur",Management,2008
1607,Crafting and Executive Strategy,"Thomson, Arthur",Management,2008
1608,Crafting and Executive Strategy,"Thomson, Arthur",Management,2008
1609,Software Engineering Fundamentals,"Behforooz, Ali",Computer Science,2008
1610,Software Engineering Fundamentals,"Behforooz, Ali",Computer Science,2008
1611,Software Engineering Fundamentals,"Behforooz, Ali",Computer Science,2008
1612,Software Engineering Fundamentals,"Behforooz, Ali",Computer Science,2008
1613,Digital Signal Processing,"Chen, Chi - Tsong",Electronics Communication,2008
1614,Digital Signal Processing,"Chen, Chi - Tsong",Electronics Communication,2008
1615,Digital Signal Processing,"Chen, Chi - Tsong",Electronics Communication,2008
1616,Fundamentals of Wireless Communication,"Tse, David",Electronics Communication,2007
1617,Fundamentals of Wireless Communication,"Tse, David",Electronics Communication,2007
1618,Fundamentals of Wireless Communication,"Tse, David",Electronics Communication,2007
1619,Technical Writing,"Gerson, Sharon",Applied Science & Humanities,2008
1620,Technical Writing,"Gerson, Sharon",Applied Science & Humanities,2008
1621,Technical Writing,"Gerson, Sharon",Applied Science & Humanities,2008
1622,TCP / I P Protocol Suite,"Forouzan, Behrouz A.",Computer Science,2009
1623,TCP / I P Protocol Suite,"Forouzan, Behrouz A.",Computer Science,2009
1624,TCP / I P Protocol Suite,"Forouzan, Behrouz A.",Computer Science,2009
1625,TCP / I P Protocol Suite,"Forouzan, Behrouz A.",Computer Science,2009
1626,Engineering Physics,"Prakash, Satya",Applied Science & Humanities,2009
1627,Engineering Physics,"Prakash, Satya",Applied Science & Humanities,2009
1628,Engineering Physics,"Prakash, Satya",Applied Science & Humanities,2009
1629,Art and Science of Utilisation of Electrical Energ,"Partab, H.",Electronics Communication,2008
1630,Art and Science of Utilisation of Electrical Energ,"Partab, H.",Electronics Communication,2008
1631,Art and Science of Utilisation of Electrical Energ,"Partab, H.",Electronics Communication,2008
1632,Object Oriented Programming with C,"Khurana, Rohit",Computer Science,2008
1633,Object Oriented Programming with C,"Khurana, Rohit",Computer Science,2008
1634,Object Oriented Programming with C,"Khurana, Rohit",Computer Science,2008
1635,Electromagnetic Theory for Telecommunications,"Liu, C. S.",Electronics Communication,2007
1636,Electromagnetic Theory for Telecommunications,"Liu, C. S.",Electronics Communication,2007
1637,Electromagnetic Theory for Telecommunications,"Liu, C. S.",Electronics Communication,2007
1638,Communication Skills and Functional Grammar,"Gupta, Sadhana",Applied Science & Humanities,2008
1639,Communication Skills and Functional Grammar,"Gupta, Sadhana",Applied Science & Humanities,2008
1640,Communication Skills and Functional Grammar,"Gupta, Sadhana",Applied Science & Humanities,2008
1641,Effective English Grammar,"Mohan, Krishna",Applied Science & Humanities,2008
1642,Effective English Grammar,"Mohan, Krishna",Applied Science & Humanities,2008
1643,Effective English Grammar,"Mohan, Krishna",Applied Science & Humanities,2008
1644,Electromagnetics,"Administer, Joseph A.",Electronics Communication,2006
1645,Electromagnetics,"Administer, Joseph A.",Electronics Communication,2006
1646,Electromagnetics,"Administer, Joseph A.",Electronics Communication,2006
1647,Basic Communication Skills for Technology,"Rutherfoord, Andrew J.",Applied Science & Humanities,2008
1648,Basic Communication Skills for Technology,"Rutherfoord, Andrew J.",Applied Science & Humanities,2008
1649,Basic Communication Skills for Technology,"Rutherfoord, Andrew J.",Applied Science & Humanities,2008
1650,Basic Communication Skills for Technology,"Rutherfoord, Andrew J.",Applied Science & Humanities,2008
1651,Modern Methods of Organic Synthesis,"Carruthers, W.",Applied Science & Humanities,2008
1652,Modern Methods of Organic Synthesis,"Carruthers, W.",Applied Science & Humanities,2008
1653,Modern Methods of Organic Synthesis,"Carruthers, W.",Applied Science & Humanities,2008
1654,Oxford English Grammar,"Eastwood, John",Applied Science & Humanities,2008
1655,Oxford English Grammar,"Eastwood, John",Applied Science & Humanities,2008
1656,Oxford English Grammar,"Eastwood, John",Applied Science & Humanities,2008
1657,Optical Electronics,"Ghatak, Ajoy",Electronics Communication,2009
1658,Optical Electronics,"Ghatak, Ajoy",Electronics Communication,2009
1659,Optical Electronics,"Ghatak, Ajoy",Electronics Communication,2009
1660,Optical Electronics,"Ghatak, Ajoy",Electronics Communication,2009
1661,Data Communications and Networking,"Forouzan, Behrouz A.",Computer Science,2008
1662,Data Communications and Networking,"Forouzan, Behrouz A.",Computer Science,2008
1663,Data Communications and Networking,"Forouzan, Behrouz A.",Computer Science,2008
1664,Data Communications and Networking,"Forouzan, Behrouz A.",Computer Science,2008
1665,Quantum Computation and Quantum Information,"Nielsen, Michael",Computer Science,2008
1666,Quantum Computation and Quantum Information,"Nielsen, Michael",Computer Science,2008
1667,Quantum Computation and Quantum Information,"Nielsen, Michael",Computer Science,2008
1668,WCDMA Design Handbook,"Richardson, Andrew",Electronics Communication,2007
1669,WCDMA Design Handbook,"Richardson, Andrew",Electronics Communication,2007
1670,WCDMA Design Handbook,"Richardson, Andrew",Electronics Communication,2007
1671,Fundamental of Digital Logic Design with VHDL,"Brown, Stephen",Electronics Communication,2009
1672,Advanced Microprocessors and Peripherals,"Ray, Ajoy Kumar",Computer Science,2009
1673,Advanced Microprocessors and Peripherals,"Ray, Ajoy Kumar",Computer Science,2009
1674,Fuzzy Sets and Fuzzy Logic,"Klir, George J.",Computer Science,2008
1675,Fuzzy Sets and Fuzzy Logic,"Klir, George J.",Computer Science,2008
1676,Introduction to Algorithms,"Cormen, Thomas H.",Computer Science,2008
1677,Introduction to Algorithms,"Cormen, Thomas H.",Computer Science,2008
1678,Introduction to Algorithms,"Cormen, Thomas H.",Computer Science,2008
1679,Introduction to Algorithms,"Cormen, Thomas H.",Computer Science,2008
1680,Engineering Mechanics,"Jindal, U. C.",Mechanical Engineering,2008
1681,Engineering Mechanics,"Jindal, U. C.",Mechanical Engineering,2008
1682,Pulse Digital and Switching Wave Forms,"Millman, Jacob",Electronics Communication,2006
1683,Pulse Digital and Switching Wave Forms,"Millman, Jacob",Electronics Communication,2006
1684,Basic Circuit Analysis,"Chunningham, D. R.",Electronics Communication,1996
1685,Basic Circuit Analysis,"Chunningham, D. R.",Electronics Communication,1996
1686,Principles of Electrical Engineering and Electroni,"Mehta, V. K.",Electronics Communication,2008
1687,Principles of Electrical Engineering and Electroni,"Mehta, V. K.",Electronics Communication,2008
1688,Advanced Engineering Mathematics,"Rao, H. S. Govinda",Applied Science & Humanities,2006
1689,Advanced Engineering Mathematics,"Rao, H. S. Govinda",Applied Science & Humanities,2006
1690,Fundamental of Modern VLSI Devices,"Taur, Yuan",Electronics Communication,2008
1691,Fundamental of Modern VLSI Devices,"Taur, Yuan",Electronics Communication,2008
1692,Chemistry of Engineering Materials,"Agarwal, C. V.",Mechanical Engineering,2008
1693,Chemistry of Engineering Materials,"Agarwal, C. V.",Mechanical Engineering,2008
1694,Communication Skills,"Summers, Jane",Applied Science & Humanities,2006
1695,Communication Skills,"Summers, Jane",Applied Science & Humanities,2006
1696,Neural and Fuzzy Logic Control of Drives and Power,"Cirstea, M. N.",Electronics Communication,2003
1697,Neural and Fuzzy Logic Control of Drives and Power,"Cirstea, M. N.",Electronics Communication,2003
1698,Principles of Condensed Matter Physics,"Chaikin, P. M.",Managment,2009
1699,Principles of Condensed Matter Physics,"Chaikin, P. M.",Managment,2009
1700,Optical Fiber Communication,"Sharma, Narendra Kumar",Electronics Communication,2008
1701,Optical Fiber Communication,"Sharma, Narendra Kumar",Electronics Communication,2008
1702,Data Structure Using C and C,"Langsam, Yedidyash",Computer Science,2009
1703,Data Structure Using C and C,"Langsam, Yedidyash",Computer Science,2009
1704,Database Systems,"Date, C. J.",Computer Science,2009
1705,Database Systems,"Date, C. J.",Computer Science,2009
1706,The Design of CMOS Radio Frequency Integrated Circ,"Lee, Thomas H.",Electronics Communication,2007
1707,The Design of CMOS Radio Frequency Integrated Circ,"Lee, Thomas H.",Electronics Communication,2007
1708,Business Information System,"Kumar, Muneesh",Computer Science,2009
1709,Business Information System,"Kumar, Muneesh",Computer Science,2009
1710,Electronic Devices and Circuits,"Bell, David A.",Electronics Communication,2004
1711,Electronic Devices and Circuits,"Bell, David A.",Electronics Communication,2004
1712,Introduction to Digital Signal Processing,"Kue, Roman",Electronics Communication,2008
1713,Introduction to Digital Signal Processing,"Kue, Roman",Electronics Communication,2008
1714,Engineering Mathematics,"Dass, H. K.",Applied Science & Humanities,2009
1715,Engineering Mathematics,"Dass, H. K.",Applied Science & Humanities,2009
1716,Data Structures Using C,ISRD,Computer Science,2008
1717,Data Structures Using C,ISRD,Computer Science,2008
1718,Computer Concepts and Programming in C,"Rathor, Naveen",Computer Science,2008
1719,Computer Concepts and Programming in C,"Rathor, Naveen",Computer Science,2008
1720,Data Structures Using C,ISRD,Computer Science,2008
1721,Data Structures Using C,ISRD,Computer Science,2008
1722,Principles of Optical Design,"Papalambros, Panos Y.",Electronics Communication,2009
1723,Principles of Optical Design,"Papalambros, Panos Y.",Electronics Communication,2009
1724,Electric Communication Systems,"Kennedy, George",Electronics Communication,2008
1725,Electric Communication Systems,"Kennedy, George",Electronics Communication,2008
1726,Basic Refrigeration and Air Conditioning,"Ananthanarayanan, P. N.",Mechanical Engineering,2009
1727,Basic Refrigeration and Air Conditioning,"Ananthanarayanan, P. N.",Mechanical Engineering,2009
1728,Theory of Computer Science,"Mishra, K. L. P.",Managment,2009
1729,Theory of Computer Science,"Mishra, K. L. P.",Managment,2009
1730,Composite Materials,"Chawla, Krishan K.",Mechanical Engineering,2008
1731,Composite Materials,"Chawla, Krishan K.",Mechanical Engineering,2008
1732,Management Control Systems,"Anthony, Robert N.",Electronics Communication,2007
1733,Management Control Systems,"Anthony, Robert N.",Electronics Communication,2007
1734,Solid State Devices and Circuits,"Gupta, Rajeev",Electronics Communication,2008
1735,Solid State Devices and Circuits,"Gupta, Rajeev",Electronics Communication,2008
1736,Microelectronics,"Millman, Jacob",Electronics Communication,2009
1737,Microelectronics,"Millman, Jacob",Electronics Communication,2009
1738,Dictionary of Mathematics,"Kumar, Rakesh",Applied Science & Humanities,2009
1739,Dictionary of Mathematics,"Kumar, Rakesh",Applied Science & Humanities,2009
1740,500 Solutions of Problems in Electrical Engineerin,"Natesan, V. C.",Electronics Communication,2003
1741,500 Solutions of Problems in Electrical Engineerin,"Natesan, V. C.",Electronics Communication,2003
1742,3000 Solved Problems in Physics,"Halpern, Alvin",Applied Science & Humanities,2008
1743,3000 Solved Problems in Physics,"Halpern, Alvin",Applied Science & Humanities,2008
1744,Systems Programming and Operating System,"Dhamdhere, D. M.",Computer Science,2008
1745,Systems Programming and Operating System,"Dhamdhere, D. M.",Computer Science,2008
1746,Logic in Computer Science,"Huth, Michael",Computer Science,2007
1747,Logic in Computer Science,"Huth, Michael",Computer Science,2007
1748,Digital Signal Processing,"Ingle, Vinay K.",Electronics Communication,2009
1749,Digital Signal Processing,"Ingle, Vinay K.",Electronics Communication,2009
1750,Digital Signal Processing,"Ingle, Vinay K.",Electronics Communication,2009
1751,Computer Communication and Networking Technologies,"Gallo, Michael A.",Computer Science,2009
1752,Computer Communication and Networking Technologies,"Gallo, Michael A.",Computer Science,2009
1753,Computer Communication and Networking Technologies,"Gallo, Michael A.",Computer Science,2009
1754,Computer Communication and Networking Technologies,"Gallo, Michael A.",Computer Science,2009
1755,An Introduction to Signals and Systems,"Stuller, John Alan",Electronics Communication,2008
1756,An Introduction to Signals and Systems,"Stuller, John Alan",Electronics Communication,2008
1757,An Introduction to Signals and Systems,"Stuller, John Alan",Electronics Communication,2008
1758,An Introduction to Signals and Systems,"Stuller, John Alan",Electronics Communication,2008
1759,Introduction to Wireless and Mobile System,"Agarwal, Dharma Prakash",Electronics Communication,2008
1760,Introduction to Wireless and Mobile System,"Agarwal, Dharma Prakash",Electronics Communication,2008
1761,Introduction to Wireless and Mobile System,"Agarwal, Dharma Prakash",Electronics Communication,2008
1762,Introduction to Wireless and Mobile System,"Agarwal, Dharma Prakash",Electronics Communication,2008
1763,Digital Signal Processing Implementation,"Singh, Avtar",Electronics Communication,2009
1764,Digital Signal Processing Implementation,"Singh, Avtar",Electronics Communication,2009
1765,Digital Signal Processing Implementation,"Singh, Avtar",Electronics Communication,2009
1766,Digital Signal Processing Implementation,"Singh, Avtar",Electronics Communication,2009
1767,Computer Security,"Basta, Alfrad",Computer Science,2009
1768,Computer Security,"Basta, Alfrad",Computer Science,2009
1769,Computer Security,"Basta, Alfrad",Computer Science,2009
1770,Computer Security,"Basta, Alfrad",Computer Science,2009
1771,Doing Data Analysis With SPSS - 14,"Carver, Robert H.",Computer Science,2009
1772,Doing Data Analysis With SPSS - 14,"Carver, Robert H.",Computer Science,2009
1773,Doing Data Analysis With SPSS - 14,"Carver, Robert H.",Computer Science,2009
1774,Doing Data Analysis With SPSS - 14,"Carver, Robert H.",Computer Science,2009
1775,Art and Science of Utilisation of Electrical Energ,"Partab, H.",Electronics Communication,2008
1776,Fundamentals of Electric Device,"El - Sharkawi, Mohammad A.",Electronics Communication,2009
1777,Fundamentals of Electric Device,"El - Sharkawi, Mohammad A.",Electronics Communication,2009
1778,Fundamentals of Electric Device,"El - Sharkawi, Mohammad A.",Electronics Communication,2009
1779,Fundamentals of Electric Device,"El - Sharkawi, Mohammad A.",Electronics Communication,2009
1780,Analytical Machines,"Fowles, Grant R.",Mechanical Engineering,2006
1781,Analytical Machines,"Fowles, Grant R.",Mechanical Engineering,2006
1782,Analytical Machines,"Fowles, Grant R.",Mechanical Engineering,2006
1783,Analytical Machines,"Fowles, Grant R.",Mechanical Engineering,2006
1784,Basic Electrical Engineering,"Valkenburgh, Van",Electronics Communication,2009
1785,Basic Electrical Engineering,"Valkenburgh, Van",Electronics Communication,2009
1786,Basic Electrical Engineering,"Valkenburgh, Van",Electronics Communication,2009
1787,Basic Electrical Engineering,"Valkenburgh, Van",Electronics Communication,2009
1788,Data Structures,"Gilberg, Richard F.",Computer Science,2008
1789,Data Structures,"Gilberg, Richard F.",Computer Science,2008
1790,Data Structures,"Gilberg, Richard F.",Computer Science,2008
1791,Data Structures,"Gilberg, Richard F.",Computer Science,2008
1792,Programming with Python,"Dawson, Michael",Computer Science,2008
1793,Programming with Python,"Dawson, Michael",Computer Science,2008
1794,Programming with Python,"Dawson, Michael",Computer Science,2008
1795,Programming with Python,"Dawson, Michael",Computer Science,2008
1796,Machine Design,"Timothy, H.",Mechanical Engineering,2008
1797,Machine Design,"Timothy, H.",Mechanical Engineering,2008
1798,Machine Design,"Timothy, H.",Mechanical Engineering,2008
1799,Machine Design,"Timothy, H.",Mechanical Engineering,2008
1800,Introduction to Information Technology,"Aksoy, Pelin",Computer Science,2008
1801,Introduction to Information Technology,"Aksoy, Pelin",Computer Science,2008
1802,Introduction to Information Technology,"Aksoy, Pelin",Computer Science,2008
1803,Introduction to Information Technology,"Aksoy, Pelin",Computer Science,2008
1804,Technical Communication,"Anderson, Paul V.",Applied Science & Humanities,2007
1805,Technical Communication,"Anderson, Paul V.",Applied Science & Humanities,2007
1806,Technical Communication,"Anderson, Paul V.",Applied Science & Humanities,2007
1807,Technical Communication,"Anderson, Paul V.",Applied Science & Humanities,2007
1808,Analysing Multivariable Data,"Lattin, James M.",Computer Science,2009
1809,Analysing Multivariable Data,"Lattin, James M.",Computer Science,2009
1810,Analysing Multivariable Data,"Lattin, James M.",Computer Science,2009
1811,Analysing Multivariable Data,"Lattin, James M.",Computer Science,2009
1812,Object Oriented Programming Using C,"Farrell, Joyce",Computer Science,2008
1813,Object Oriented Programming Using C,"Farrell, Joyce",Computer Science,2008
1814,Object Oriented Programming Using C,"Farrell, Joyce",Computer Science,2008
1815,Object Oriented Programming Using C,"Farrell, Joyce",Computer Science,2008
1816,Solid State Electronics,"Valkenburgh, Van",Electronics Communication,2009
1817,Solid State Electronics,"Valkenburgh, Van",Electronics Communication,2009
1818,Solid State Electronics,"Valkenburgh, Van",Electronics Communication,2009
1819,Solid State Electronics,"Valkenburgh, Van",Electronics Communication,2009
1820,Purchasing,"Monczka, Robert",Management,2009
1821,Purchasing,"Monczka, Robert",Management,2009
1822,Purchasing,"Monczka, Robert",Management,2009
1823,Purchasing,"Monczka, Robert",Management,2009
1824,Physics - A Calculus Based Approach,"Serway, Raymond A.",Applied Science & Humanities,2009
1825,Physics - A Calculus Based Approach,"Serway, Raymond A.",Applied Science & Humanities,2009
1826,Physics - A Calculus Based Approach,"Serway, Raymond A.",Applied Science & Humanities,2009
1827,Physics - A Calculus Based Approach,"Serway, Raymond A.",Applied Science & Humanities,2009
1828,Classical Dynamics of Particles and Systems,"Thornton, Stephen T.",Mechanical Engineering,2009
1829,Classical Dynamics of Particles and Systems,"Thornton, Stephen T.",Mechanical Engineering,2009
1830,Classical Dynamics of Particles and Systems,"Thornton, Stephen T.",Mechanical Engineering,2009
1831,Classical Dynamics of Particles and Systems,"Thornton, Stephen T.",Mechanical Engineering,2009
1832,Total Quality Management,"Evans, James R.",Management,2009
1833,Total Quality Management,"Evans, James R.",Management,2009
1834,Total Quality Management,"Evans, James R.",Management,2009
1835,Total Quality Management,"Evans, James R.",Management,2009
1836,Technician's Guide to Fiber Optics,"Sterling, Donald J.",Electronics Communication,2009
1837,Technician's Guide to Fiber Optics,"Sterling, Donald J.",Electronics Communication,2009
1838,Technician's Guide to Fiber Optics,"Sterling, Donald J.",Electronics Communication,2009
1839,Technician's Guide to Fiber Optics,"Sterling, Donald J.",Electronics Communication,2009
1840,Organic Chemistry,"McMurry, John",Applied Science & Humanities,2009
1841,Organic Chemistry,"McMurry, John",Applied Science & Humanities,2009
1842,Organic Chemistry,"McMurry, John",Applied Science & Humanities,2009
1843,Organic Chemistry,"McMurry, John",Applied Science & Humanities,2009
1844,Introduction to Programmable Logic Controllers,"Dunning, Gary",Electronics Communication,2009
1845,Introduction to Programmable Logic Controllers,"Dunning, Gary",Electronics Communication,2009
1846,Introduction to Programmable Logic Controllers,"Dunning, Gary",Electronics Communication,2009
1847,Introduction to Programmable Logic Controllers,"Dunning, Gary",Electronics Communication,2009
1848,Fundamentals of D. C. Theory,NJATC,Electronics Communication,2009
1849,Fundamentals of D. C. Theory,NJATC,Electronics Communication,2009
1850,Fundamentals of D. C. Theory,NJATC,Electronics Communication,2009
1851,Fundamentals of D. C. Theory,NJATC,Electronics Communication,2009
1852,Solid State Physics,"Ashcroft, Neil W.",Applied Science & Humanities,2009
1853,Solid State Physics,"Ashcroft, Neil W.",Applied Science & Humanities,2009
1854,Solid State Physics,"Ashcroft, Neil W.",Applied Science & Humanities,2009
1855,Solid State Physics,"Ashcroft, Neil W.",Applied Science & Humanities,2009
1856,Operating Systems,"Flynn, Ida M.",Computer Science,2008
1857,Operating Systems,"Flynn, Ida M.",Computer Science,2008
1858,Operating Systems,"Flynn, Ida M.",Computer Science,2008
1859,Operating Systems,"Flynn, Ida M.",Computer Science,2008
1860,A Logistics Approach to Supply Chain Management,"Coyle, John J.",Management,2008
1861,A Logistics Approach to Supply Chain Management,"Coyle, John J.",Management,2008
1862,A Logistics Approach to Supply Chain Management,"Coyle, John J.",Management,2008
1863,A Logistics Approach to Supply Chain Management,"Coyle, John J.",Management,2008
1864,Stress Management,"Schafer, Walt",Management,2008
1865,Stress Management,"Schafer, Walt",Management,2008
1866,Stress Management,"Schafer, Walt",Management,2008
1867,Stress Management,"Schafer, Walt",Management,2008
1868,Lean Manufacturing Implementation,"Hobbs, Dennis P.",Mechanical Engineering,2008
1869,Lean Manufacturing Implementation,"Hobbs, Dennis P.",Mechanical Engineering,2008
1870,Lean Manufacturing Implementation,"Hobbs, Dennis P.",Mechanical Engineering,2008
1871,Lean Manufacturing Implementation,"Hobbs, Dennis P.",Mechanical Engineering,2008
1872,Handbook of Networking,"Graves, Michael W.",Computer Science,2008
1873,Handbook of Networking,"Graves, Michael W.",Computer Science,2008
1874,Handbook of Networking,"Graves, Michael W.",Computer Science,2008
1875,Handbook of Networking,"Graves, Michael W.",Computer Science,2008
1876,Practical Production Control,"McKay, Kenneth N.",Mechanical Engineering,2009
1877,Practical Production Control,"McKay, Kenneth N.",Mechanical Engineering,2009
1878,Practical Production Control,"McKay, Kenneth N.",Mechanical Engineering,2009
1879,Practical Production Control,"McKay, Kenneth N.",Mechanical Engineering,2009
1880,An Introduction to Mechanical Engineering,"Wickert, Jonathan",Mechanical Engineering,2009
1881,An Introduction to Mechanical Engineering,"Wickert, Jonathan",Mechanical Engineering,2009
1882,An Introduction to Mechanical Engineering,"Wickert, Jonathan",Mechanical Engineering,2009
1883,An Introduction to Mechanical Engineering,"Wickert, Jonathan",Mechanical Engineering,2009
1884,Neural Network Design,"Hagan, Martin T.",Electronics Communication,2009
1885,Neural Network Design,"Hagan, Martin T.",Electronics Communication,2009
1886,Neural Network Design,"Hagan, Martin T.",Electronics Communication,2009
1887,Neural Network Design,"Hagan, Martin T.",Electronics Communication,2009
1888,Process Management,"Wisner, Joel D.",Mechanical Engineering,2009
1889,Process Management,"Wisner, Joel D.",Mechanical Engineering,2009
1890,Process Management,"Wisner, Joel D.",Mechanical Engineering,2009
1891,Process Management,"Wisner, Joel D.",Mechanical Engineering,2009
1892,Technical Analysis and Application with MATLAB,"Stanley, William D.",Electronics Communication,2008
1893,Technical Analysis and Application with MATLAB,"Stanley, William D.",Electronics Communication,2008
1894,Technical Analysis and Application with MATLAB,"Stanley, William D.",Electronics Communication,2008
1895,Technical Analysis and Application with MATLAB,"Stanley, William D.",Electronics Communication,2008
1896,Foundations of Software Testing,"Graham, Dorothy",Computer Science,2009
1897,Foundations of Software Testing,"Graham, Dorothy",Computer Science,2009
1898,Foundations of Software Testing,"Graham, Dorothy",Computer Science,2009
1899,Foundations of Software Testing,"Graham, Dorothy",Computer Science,2009
1900,Modern Digital Signal Processing,"Gristi, Roberto",Electronics Communication,2009
1901,Modern Digital Signal Processing,"Gristi, Roberto",Electronics Communication,2009
1902,Modern Digital Signal Processing,"Gristi, Roberto",Electronics Communication,2009
1903,Modern Digital Signal Processing,"Gristi, Roberto",Electronics Communication,2009
1904,Text Book of Environment and Study,"Dave, Deeksha",Applied Science & Humanities,2008
1905,Text Book of Environment and Study,"Dave, Deeksha",Applied Science & Humanities,2008
1906,Text Book of Environment and Study,"Dave, Deeksha",Applied Science & Humanities,2008
1907,Text Book of Environment and Study,"Dave, Deeksha",Applied Science & Humanities,2008
1908,Chip Design for Submicron VLSI,"Uyemura, John P.",Computer Science,2009
1909,Chip Design for Submicron VLSI,"Uyemura, John P.",Computer Science,2009
1910,Chip Design for Submicron VLSI,"Uyemura, John P.",Computer Science,2009
1911,Chip Design for Submicron VLSI,"Uyemura, John P.",Computer Science,2009
1912,Thermal Sciences,"Potter, Merle C.",Mechanical Engineering,2009
1913,Thermal Sciences,"Potter, Merle C.",Mechanical Engineering,2009
1914,Thermal Sciences,"Potter, Merle C.",Mechanical Engineering,2009
1915,Thermal Sciences,"Potter, Merle C.",Mechanical Engineering,2009
1916,Algorithms,"Berman, Kenneth A.",Computer Science,2008
1917,Algorithms,"Berman, Kenneth A.",Computer Science,2008
1918,Algorithms,"Berman, Kenneth A.",Computer Science,2008
1919,Algorithms,"Berman, Kenneth A.",Computer Science,2008
1920,Fundamentals of Digital Signal Processing,"Schilling, Robert J.",Electronics Communication,2009
1921,Fundamentals of Digital Signal Processing,"Schilling, Robert J.",Electronics Communication,2009
1922,Fundamentals of Digital Signal Processing,"Schilling, Robert J.",Electronics Communication,2009
1923,Fundamentals of Digital Signal Processing,"Schilling, Robert J.",Electronics Communication,2009
1924,Mechanical Measurements,"Beckwith, Thomas G.",Mechanical Engineering,2005
1925,Mechanical Measurements,"Beckwith, Thomas G.",Mechanical Engineering,2005
1926,Management of Information Technology,"Frenzel, Carroll W.",Computer Science,2009
1927,Management of Information Technology,"Frenzel, Carroll W.",Computer Science,2009
1928,Management of Information Technology,"Frenzel, Carroll W.",Computer Science,2009
1929,Management of Information Technology,"Frenzel, Carroll W.",Computer Science,2009
1930,Electronic Communication System,"Blake, Roy",Electronics Communication,2008
1931,Electronic Communication System,"Blake, Roy",Electronics Communication,2008
1932,Electronic Communication System,"Blake, Roy",Electronics Communication,2008
1933,Electronic Communication System,"Blake, Roy",Electronics Communication,2008
1934,SQL Server 2005 For Developers,"Ericsson, Robert",Computer Science,2009
1935,SQL Server 2005 For Developers,"Ericsson, Robert",Computer Science,2009
1936,SQL Server 2005 For Developers,"Ericsson, Robert",Computer Science,2009
1937,SQL Server 2005 For Developers,"Ericsson, Robert",Computer Science,2009
1938,Digital System Design,"Uyemura, John P.",Electronics Communication,2009
1939,Digital System Design,"Uyemura, John P.",Electronics Communication,2009
1940,Digital System Design,"Uyemura, John P.",Electronics Communication,2009
1941,Digital System Design,"Uyemura, John P.",Electronics Communication,2009
1942,Circuit Analysis,"Robbins, Allan H.",Electronics Communication,2008
1943,Circuit Analysis,"Robbins, Allan H.",Electronics Communication,2008
1944,Circuit Analysis,"Robbins, Allan H.",Electronics Communication,2008
1945,Circuit Analysis,"Robbins, Allan H.",Electronics Communication,2008
1946,Industrial Electronics,"Bertelt, Terry",Electronics Communication,2009
1947,Industrial Electronics,"Bertelt, Terry",Electronics Communication,2009
1948,Industrial Electronics,"Bertelt, Terry",Electronics Communication,2009
1949,Industrial Electronics,"Bertelt, Terry",Electronics Communication,2009
1950,Optical Communications Essentials,"Keiser, Gerd",Electronics Communication,2003
1951,Effective Project Management,"Clements, James P.",Management,2009
1952,Effective Project Management,"Clements, James P.",Management,2009
1953,Effective Project Management,"Clements, James P.",Management,2009
1954,Effective Project Management,"Clements, James P.",Management,2009
1955,Control System,"Bakshi, Uday A.",Electronics Communication,2007
1956,Control System,"Bakshi, Uday A.",Electronics Communication,2007
1957,Control System,"Bakshi, Uday A.",Electronics Communication,2007
1958,Control System,"Bakshi, Uday A.",Electronics Communication,2007
1959,Power Electronics,"Singh, M. D.",Electronics Communication,2007
1960,Power Electronics,"Singh, M. D.",Electronics Communication,2007
1961,Power Electronics,"Singh, M. D.",Electronics Communication,2007
1962,Power Electronics,"Singh, M. D.",Electronics Communication,2007
1963,Numerical Analysis,"Rao, G. Shanker",Applied Science & Humanities,2007
1964,Numerical Analysis,"Rao, G. Shanker",Applied Science & Humanities,2007
1965,Numerical Analysis,"Rao, G. Shanker",Applied Science & Humanities,2007
1966,Numerical Analysis,"Rao, G. Shanker",Applied Science & Humanities,2007
1967,VLSI Design,"Shanti, A.",Electronics Communication,2006
1968,VLSI Design,"Shanti, A.",Electronics Communication,2006
1969,VLSI Design,"Shanti, A.",Electronics Communication,2006
1970,VLSI Design,"Shanti, A.",Electronics Communication,2006
1971,Multimedia and Multimedia Communication,"Bhunia, C. T.",Computer Science,2009
1972,Multimedia and Multimedia Communication,"Bhunia, C. T.",Computer Science,2009
1973,Multimedia and Multimedia Communication,"Bhunia, C. T.",Computer Science,2009
1974,Multimedia and Multimedia Communication,"Bhunia, C. T.",Computer Science,2009
1975,Digital Signal Processing,"Ingle, Vinay K.",Electronics Communication,2009
1976,Question Bank of Electronics Technology,"Sengodan, V.",Electronics Communication,2007
1977,Question Bank of Electronics Technology,"Sengodan, V.",Electronics Communication,2007
1978,Question Bank of Electronics Technology,"Sengodan, V.",Electronics Communication,2007
1979,Question Bank of Electronics Technology,"Sengodan, V.",Electronics Communication,2007
1980,Microwave and Radar Engineering,"Bagad, Vikas",Electronics Communication,2008
1981,Microwave and Radar Engineering,"Bagad, Vikas",Electronics Communication,2008
1982,Microwave and Radar Engineering,"Bagad, Vikas",Electronics Communication,2008
1983,Microwave and Radar Engineering,"Bagad, Vikas",Electronics Communication,2008
1984,Electronic Engineering,"Godse, Atul P.",Electronics Communication,2008
1985,Electronic Engineering,"Godse, Atul P.",Electronics Communication,2008
1986,Electronic Engineering,"Godse, Atul P.",Electronics Communication,2008
1987,Electronic Engineering,"Godse, Atul P.",Electronics Communication,2008
1988,Engineering Mathematics,"Rao, H. S. G.",Applied Science & Humanities,2006
1989,Engineering Mathematics,"Rao, H. S. G.",Applied Science & Humanities,2006
1990,Engineering Mathematics,"Rao, H. S. G.",Applied Science & Humanities,2006
1991,Engineering Mathematics,"Rao, H. S. G.",Applied Science & Humanities,2006
1992,Fundamentals of Power Electronics,"Bhattacharya, S. K.",Electronics Communication,2006
1993,Fundamentals of Power Electronics,"Bhattacharya, S. K.",Electronics Communication,2006
1994,Fundamentals of Power Electronics,"Bhattacharya, S. K.",Electronics Communication,2006
1995,Fundamentals of Power Electronics,"Bhattacharya, S. K.",Electronics Communication,2006
1996,Antennas For Information Super Skyways,"Neelkanta, Perambur S.",Electronics Communication,2002
1997,Antennas For Information Super Skyways,"Neelkanta, Perambur S.",Electronics Communication,2002
1998,Antennas For Information Super Skyways,"Neelkanta, Perambur S.",Electronics Communication,2002
1999,Antennas For Information Super Skyways,"Neelkanta, Perambur S.",Electronics Communication,2002
2000,Introduction to Engineering Materials,"Agarwal, B. K.",Mechanical Engineering,2007
