Software Engineering and Audit,"Fairley, Richard E.",Default Category,20,2008
Software Engineering Concepts,"Fairley, Richard E.",Default Category,1,2008
Software Engineering Concepts,"Fairley, Richard E.",Default Category,1,2008
Software Engineering Concepts,"Fairley, Richard E.",Default Category,1,2008
Antennas and Wave Propagation,"Harish, A. R. and Sachidananda, M.",Default Category,1,2007
Antennas and Wave Propagation,"Harish, A. R. and Sachidananda, M.",Default Category,1,2007
Antennas and Wave Propagation,"Harish, A. R. and Sachidananda, M.",Default Category,1,2007
Antennas and Wave Propagation,"Harish, A. R. and Sachidananda, M.",Default Category,1,2007
Procedural Elements For Computer Graphics,"Rogers, David F.",Default Category,1,2001
Procedural Elements For Computer Graphics,"Rogers, David F.",Default Category,1,2001
Procedural Elements For Computer Graphics,"Rogers, David F.",Default Category,1,2001
Procedural Elements For Computer Graphics,"Rogers, David F.",Default Category,1,2001
Condensed Matter Field Theory,"Altland, Alexander and Simons, Ben",Default Category,1,2008
Condensed Matter Field Theory,"Altland, Alexander and Simons, Ben",Default Category,1,2008
Condensed Matter Field Theory,"Altland, Alexander and Simons, Ben",Default Category,1,2008
Condensed Matter Field Theory,"Altland, Alexander and Simons, Ben",Default Category,1,2008
Design of Feed Back Control Systems,"Stefani, Raymond T.",Default Category,4,2009
Design of Feed Back Control Systems,"Stefani, Raymond T.",Default Category,4,2009
Design of Feed Back Control Systems,"Stefani, Raymond T.",Default Category,4,2009
Design of Feed Back Control Systems,"Stefani, Raymond T.",Default Category,4,2009
Engineering Mechanics,"Meriam, J. L.",Default Category,5,2007
Engineering Mechanics,"Meriam, J. L.",Default Category,5,2007
Engineering Mechanics,"Meriam, J. L.",Default Category,5,2007
Engineering Mechanics,"Meriam, J. L.",Default Category,5,2007
Name Reactions in Organic Synthesis,"Parikh, Arun",Default Category,1,2006
Name Reactions in Organic Synthesis,"Parikh, Arun",Default Category,1,2006
Name Reactions in Organic Synthesis,"Parikh, Arun",Default Category,1,2006
Name Reactions in Organic Synthesis,"Parikh, Arun",Default Category,1,2006
Introduction to Environmental Engineering and Scie,"Masters, Gilbert M.",Default Category,3,2008
Introduction to Environmental Engineering and Scie,"Masters, Gilbert M.",Default Category,3,2008
Introduction to Environmental Engineering and Scie,"Masters, Gilbert M.",Default Category,3,2008
Introduction to Environmental Engineering and Scie,"Masters, Gilbert M.",Default Category,3,2008
Text Book of Engineering Mathematics,"Bali, N. P. and Goyal, Manish",Default Category,6,2009
Text Book of Engineering Mathematics,"Bali, N. P. and Goyal, Manish",Default Category,6,2009
Text Book of Engineering Mathematics,"Bali, N. P. and Goyal, Manish",Default Category,6,2009
Text Book of Engineering Mathematics,"Bali, N. P. and Goyal, Manish",Default Category,6,2009
Text Book of Engineering Mechanics,"Dhar, R. N.",Default Category,1,2009
Text Book of Engineering Mechanics,"Dhar, R. N.",Default Category,1,2009
Text Book of Engineering Mechanics,"Dhar, R. N.",Default Category,1,2009
Text Book of Engineering Mechanics,"Dhar, R. N.",Default Category,1,2009
Operating Systems,"Tanenbaum, Andrew",Default Category,3,2009
Operating Systems,"Tanenbaum, Andrew",Default Category,3,2009
Operating Systems,"Tanenbaum, Andrew",Default Category,3,2009
Operating Systems,"Tanenbaum, Andrew",Default Category,3,2009
Principles of Interactive Computer Graphics,"Newman, William M.",Default Category,2,2008
Principles of Interactive Computer Graphics,"Newman, William M.",Default Category,2,2008
Principles of Interactive Computer Graphics,"Newman, William M.",Default Category,2,2008
Principles of Interactive Computer Graphics,"Newman, William M.",Default Category,2,2008
Organic Chemistry,"Finar, I. L.",Default Category,6,2009
Organic Chemistry,"Finar, I. L.",Default Category,6,2009
Organic Chemistry,"Finar, I. L.",Default Category,6,2009
Organic Chemistry,"Finar, I. L.",Default Category,6,2009
Matlab,"Pratap, Rudra",Default Category,1,2009
Matlab,"Pratap, Rudra",Default Category,1,2009
Matlab,"Pratap, Rudra",Default Category,1,2009
Matlab,"Pratap, Rudra",Default Category,1,2009
Materials Science for Electrical and Electronic En,"Jones, Ian P.",Default Category,1,2008
Materials Science for Electrical and Electronic En,"Jones, Ian P.",Default Category,1,2008
Materials Science for Electrical and Electronic En,"Jones, Ian P.",Default Category,1,2008
Materials Science for Electrical and Electronic En,"Jones, Ian P.",Default Category,1,2008
Programming With C,"Gottfried, Byron S.",Default Category,2,2008
Programming With C,"Gottfried, Byron S.",Default Category,2,2008
Programming With C,"Gottfried, Byron S.",Default Category,2,2008
Programming With C,"Gottfried, Byron S.",Default Category,2,2008
The Complete Reference C # 2.0,"Schildt, Harbert",Default Category,2,2006
The Complete Reference C # 2.0,"Schildt, Harbert",Default Category,2,2006
The Complete Reference C # 2.0,"Schildt, Harbert",Default Category,2,2006
The Complete Reference C # 2.0,"Schildt, Harbert",Default Category,2,2006
Analysis,"Senn, James A.",Default Category,2,2003
Analysis,"Senn, James A.",Default Category,2,2003
Analysis,"Senn, James A.",Default Category,2,2003
Analysis,"Senn, James A.",Default Category,2,2003
Nanotechnology,"Booker, Richard and Boysen, Earl",Default Category,1,2008
Nanotechnology,"Booker, Richard and Boysen, Earl",Default Category,1,2008
Nanotechnology,"Booker, Richard and Boysen, Earl",Default Category,1,2008
Nanotechnology,"Booker, Richard and Boysen, Earl",Default Category,1,2008
Business Correspondence and Report Writing,"Sharma, R. C. and Mohan, Krishna",Default Category,3,2009
Business Correspondence and Report Writing,"Sharma, R. C. and Mohan, Krishna",Default Category,3,2009
Business Correspondence and Report Writing,"Sharma, R. C. and Mohan, Krishna",Default Category,3,2009
Business Correspondence and Report Writing,"Sharma, R. C. and Mohan, Krishna",Default Category,3,2009
Advanced Engineering Mathematics,"O' Neil, Peter V.",Default Category,1,2007
Advanced Engineering Mathematics,"O' Neil, Peter V.",Default Category,1,2007
Advanced Engineering Mathematics,"O' Neil, Peter V.",Default Category,1,2007
Advanced Engineering Mathematics,"O' Neil, Peter V.",Default Category,1,2007
Mobile Computing,"Kamal, Raj",Default Category,1,2008
Mobile Computing,"Kamal, Raj",Default Category,1,2008
Mobile Computing,"Kamal, Raj",Default Category,1,2008
Mobile Computing,"Kamal, Raj",Default Category,1,2008
Organic Chemistry,"Finar, I. L.",Default Category,5,2008
Organic Chemistry,"Finar, I. L.",Default Category,5,2008
Organic Chemistry,"Finar, I. L.",Default Category,5,2008
Organic Chemistry,"Finar, I. L.",Default Category,5,2008
Microelectronic Circuits,"Sedra, Adel S.",Default Category,5,2009
Microelectronic Circuits,"Sedra, Adel S.",Default Category,5,2009
Microelectronic Circuits,"Sedra, Adel S.",Default Category,5,2009
Microelectronic Circuits,"Sedra, Adel S.",Default Category,5,2009
Perspectives in Environmental Studies,"Kaushik, Anubha",Default Category,3,2008
Perspectives in Environmental Studies,"Kaushik, Anubha",Default Category,3,2008
Perspectives in Environmental Studies,"Kaushik, Anubha",Default Category,3,2008
Perspectives in Environmental Studies,"Kaushik, Anubha",Default Category,3,2008
